{
	"parent": "block/block",
	"textures": {
		"particle": "#texture",
		"texture": "blocks/fence/fence_oak_gate"
	},
	"elements": [ 	 
		{
			"__comment": "Left-hand post",
			"from": [ 0, 6, 7 ],
			"to": [ 2, 16, 9 ],
			"faces": {
				"down": { "uv": [ 6, 14, 8, 16 ], "texture": "#texture", "cullface": "down" },
				"up": { "uv": [ 6, 14, 8, 16 ], "texture": "#texture" },
				"north": { "uv": [ 0, 0, 2, 10 ], "texture": "#texture" },
				"south": { "uv": [ 0, 0, 2, 10 ], "texture": "#texture" },
				"west": { "uv": [ 0, 0, 2, 10 ], "texture": "#texture", "cullface": "west" },
				"east": { "uv": [ 0, 0, 2, 10 ], "texture": "#texture" }
			}
		},
		{
			"__comment": "Left-hand post part 2",
			"from": [ 0, 0, 7 ],
			"to": [ 2, 6, 9 ],
			"faces": {
				"down": { "uv": [ 6, 14, 8, 16 ], "texture": "#texture" },
				"up": { "uv": [ 6, 14, 8, 16 ], "texture": "#texture" },
				"north": { "uv": [ 0, 0.25, 2, 10.75 ], "texture": "#texture" },
				"south": { "uv": [ 0, 0.25, 2, 10.75 ], "texture": "#texture" },
				"west": { "uv": [ 0, 0.25, 2, 10.75 ], "texture": "#texture", "cullface": "west" },
				"east": { "uv": [ 0, 0.25, 2, 10.75 ], "texture": "#texture" }
			}
		},
		{
			"__comment": "Right-hand post",
			"from": [ 14, 6, 7 ],
			"to": [ 16, 16, 9 ],
			"faces": {
				"down": { "uv": [ 6, 14, 8, 16 ], "texture": "#texture" },
				"up": { "uv": [ 6, 14, 8, 16 ], "texture": "#texture" },
				"north": { "uv": [ 14, 0, 16, 10 ], "texture": "#texture" },
				"south": { "uv": [ 14, 0, 16, 10 ], "texture": "#texture" },
				"west": { "uv": [ 14, 0, 16, 10 ], "texture": "#texture" },
				"east": { "uv": [ 14, 0, 16, 10 ], "texture": "#texture", "cullface": "east" }
			}
		},
		{
			"__comment": "Right-hand post part 2",
			"from": [ 14, 0, 7 ],
			"to": [ 16, 6, 9 ],
			"faces": {
				"down": { "uv": [ 6, 14, 8, 16 ], "texture": "#texture" },
				"up": { "uv": [ 6, 14, 8, 16 ], "texture": "#texture" },
				"north": { "uv": [ 14, 0.25, 16, 10.75 ], "texture": "#texture" },
				"south": { "uv": [ 14, 0.25, 16, 10.75 ], "texture": "#texture" },
				"west": { "uv": [ 14, 0.25, 16, 10.75 ], "texture": "#texture" },
				"east": { "uv": [ 14, 0.25, 16, 10.75 ], "texture": "#texture", "cullface": "east" }
			}
		},
		{
			"__comment": "Inner vertical post of left-hand gate door",
			"from": [ 6, 6, 7 ],
			"to": [ 8, 15, 9 ],
			"faces": {
				"down": { "uv": [ 6, 14, 8, 16 ], "texture": "#texture" },
				"up": { "uv": [ 6, 14, 8, 16 ], "texture": "#texture" },
				"north": { "uv": [ 6, 1, 8, 10 ], "texture": "#texture" },
				"south": { "uv": [ 6, 1, 8, 10 ], "texture": "#texture" },
				"west": { "uv": [ 6, 1, 8, 10 ], "texture": "#texture" },
				"east": { "uv": [ 6, 1, 8, 10 ], "texture": "#texture" }
			}
		},
		{
			"__comment": "Inner vertical post of right-hand gate door",
			"from": [ 8, 6, 7 ],
			"to": [ 10, 15, 9 ],
			"faces": {
				"down": { "uv": [ 6, 14, 8, 16 ], "texture": "#texture" },
				"up": { "uv": [ 6, 14, 8, 16 ], "texture": "#texture" },
				"north": { "uv": [ 8, 1, 10, 10 ], "texture": "#texture" },
				"south": { "uv": [ 8, 1, 10, 10 ], "texture": "#texture" },
				"west": { "uv": [ 8, 1, 10, 10 ], "texture": "#texture" },
				"east": { "uv": [ 8, 1, 10, 10 ], "texture": "#texture" }
			}
		},
		{
			"__comment": "Lower horizontal bar of left-hand gate door",
			"from": [ 2, 6, 7 ],
			"to": [ 6, 9, 9 ],
			"faces": {
				"down": { "uv": [ 2, 14, 6, 16 ], "texture": "#texture" },
				"up": { "uv": [ 2, 14, 6, 16 ], "texture": "#texture" },
				"north": { "uv": [ 2, 7, 6, 10 ], "texture": "#texture" },
				"south": { "uv": [ 2, 7, 6, 10 ], "texture": "#texture" }
			}
		},
		{
			"__comment": "Upper horizontal bar of left-hand gate door",
			"from": [ 2, 12, 7 ],
			"to": [ 6, 15, 9 ],
			"faces": {
				"down": { "uv": [ 2, 14, 6, 16 ], "texture": "#texture" },
				"up": { "uv": [ 2, 14, 6, 16 ], "texture": "#texture" },
				"north": { "uv": [ 2, 1, 6, 4 ], "texture": "#texture" },
				"south": { "uv": [ 2, 1, 6, 4 ], "texture": "#texture" }
			}
		},
		{
			"__comment": "Lower horizontal bar of right-hand gate door",
			"from": [ 10, 6, 7 ],
			"to": [ 14, 9, 9 ],
			"faces": {
				"down": { "uv": [ 2, 14, 6, 16 ], "texture": "#texture" },
				"up": { "uv": [ 2, 14, 6, 16 ], "texture": "#texture" },
				"north": { "uv": [ 10, 7, 14, 10 ], "texture": "#texture" },
				"south": { "uv": [ 10, 7, 14, 10 ], "texture": "#texture" }
			}
		},
		{
			"__comment": "Upper horizontal bar of right-hand gate door",
			"from": [ 10, 12, 7 ],
			"to": [ 14, 15, 9 ],
			"faces": {
				"down": { "uv": [ 2, 14, 6, 16 ], "texture": "#texture" },
				"up": { "uv": [ 2, 14, 6, 16 ], "texture": "#texture" },
				"north": { "uv": [ 10, 1, 14, 4 ], "texture": "#texture" },
				"south": { "uv": [ 10, 1, 14, 4 ], "texture": "#texture" }
			}
		}
	],
	"display": {
		"gui": {
			"rotation":  [ 30, 45, 0 ],
			"translation":  [ 0, -1, 0 ],
			"scale":  [ 0.8, 0.8, 0.8 ]
		},
		"head": {
			"translation":  [ 0, -3, -6 ]
		}
	}
}