{
    "textures": {
        "particle" : "#texture"
    },
    "elements": [
        {   "__comment": "Left-hand post",
            "from": [ 0, 5, 7 ],
            "to": [ 2, 16, 9 ],
            "faces": {
                "down":  { "uv": [ 6, 14, 8, 16 ], "texture": "#texture" },
                "up":    { "uv": [ 6, 14, 8, 16 ], "texture": "#texture" },
                "north": { "uv": [ 0, 0, 2, 11 ], "texture": "#texture" },
                "south": { "uv": [ 0, 0, 2, 11 ], "texture": "#texture" },
                "west":  { "uv": [ 0, 0, 2, 11 ], "texture": "#texture", "cullface": "west" },
                "east":  { "uv": [ 0, 0, 2, 11 ], "texture": "#texture" }
            }
        },
        {   "__comment": "Right-hand post",
            "from": [ 14, 5, 7 ],
            "to": [ 16, 16, 9 ],
            "faces": {
                "down":  { "uv": [ 6, 14, 8, 16 ], "texture": "#texture" },
                "up":    { "uv": [ 6, 14, 8, 16 ], "texture": "#texture" },
                "north": { "uv": [ 14, 0, 16, 11 ], "texture": "#texture" },
                "south": { "uv": [ 14, 0, 16, 11 ], "texture": "#texture" },
                "west":  { "uv": [ 14, 0, 16, 11 ], "texture": "#texture" },
                "east":  { "uv": [ 14, 0, 16, 11 ], "texture": "#texture", "cullface": "east" }
            }
        },
        {   "__comment": "Inner vertical post of left-hand gate door",
            "from": [ 0, 6, 13 ],
            "to": [ 2, 15, 15 ],
            "faces": {
                "down":  { "uv": [ 6, 14, 8, 16 ], "texture": "#texture" },
                "up":    { "uv": [ 6, 14, 8, 16 ], "texture": "#texture" },
                "north": { "uv": [ 6, 1, 8, 10 ], "texture": "#texture" },
                "south": { "uv": [ 6, 1, 8, 10 ], "texture": "#texture" },
                "west":  { "uv": [ 6, 1, 8, 10 ], "texture": "#texture" },
                "east":  { "uv": [ 6, 1, 8, 10 ], "texture": "#texture" }
            }
        },
        {   "__comment": "Inner vertical post of right-hand gate door",
            "from": [ 14, 6, 13 ],
            "to": [ 16, 15, 15 ],
            "faces": {
                "down":  { "uv": [ 6, 14, 8, 16 ], "texture": "#texture" },
                "up":    { "uv": [ 6, 14, 8, 16 ], "texture": "#texture" },
                "north": { "uv": [ 8, 1, 10, 10 ], "texture": "#texture" },
                "south": { "uv": [ 8, 1, 10, 10 ], "texture": "#texture" },
                "west":  { "uv": [ 8, 1, 10, 10 ], "texture": "#texture" },
                "east":  { "uv": [ 8, 1, 10, 10 ], "texture": "#texture" }
            }
        },
        {   "__comment": "Lower horizontal bar of left-hand gate door",
            "from": [ 0, 6, 9 ],
            "to": [ 2, 9, 13 ],
            "faces": {
                "down":  { "uv": [ 0, 12, 2, 16 ], "texture": "#texture" },
                "up":    { "uv": [ 0, 12, 2, 16 ], "texture": "#texture" },
                "east": { "uv": [ 2, 7, 6, 10 ], "texture": "#texture" },
                "west": { "uv": [ 2, 7, 6, 10 ], "texture": "#texture" }
            }
        },
        {   "__comment": "Upper horizontal bar of left-hand gate door",
            "from": [ 0, 12, 9 ],
            "to": [ 2, 15, 13 ],
            "faces": {
                "down":  { "uv": [ 0, 12, 2, 16 ], "texture": "#texture" },
                "up":    { "uv": [ 0, 12, 2, 16 ], "texture": "#texture" },
                "east": { "uv": [ 2, 1, 6, 4 ], "texture": "#texture" },
                "west": { "uv": [ 2, 1, 6, 4 ], "texture": "#texture" }
            }
        },
        {   "__comment": "Lower horizontal bar of left-hand gate door",
            "from": [ 14, 6, 9 ],
            "to": [ 16, 9, 13 ],
            "faces": {
                "down":  { "uv": [ 0, 12, 2, 16 ], "texture": "#texture" },
                "up":    { "uv": [ 0, 12, 2, 16 ], "texture": "#texture" },
                "east": { "uv": [ 10, 7, 14, 10 ], "texture": "#texture" },
                "west": { "uv": [ 10, 7, 14, 10 ], "texture": "#texture" }
            }
        },
        {   "__comment": "Upper horizontal bar of left-hand gate door",
            "from": [ 14, 12, 9 ],
            "to": [ 16, 15, 13 ],
            "faces": {
                "down":  { "uv": [ 0, 12, 2, 16 ], "texture": "#texture" },
                "up":    { "uv": [ 0, 12, 2, 16 ], "texture": "#texture" },
                "east": { "uv": [ 10, 1, 14, 4 ], "texture": "#texture" },
                "west": { "uv": [ 10, 1, 14, 4 ], "texture": "#texture" }
            }
        }
    ]
}
