{"stat.useItem.agricraft.rake":1,"stat.useItem.minecraft.diamond_hoe":48,"stat.walkOneCm":36665,"stat.pickup.agricraft.agri_seed":1,"stat.pickup.actuallyadditions.item_worm":2,"stat.useItem.minecraft.diamond_axe":18,"stat.pickup.biomesoplenty.sapling_1":4,"stat.mineBlock.minecraft.red_flower":2,"stat.pickup.natura.overworld_sapling":1,"stat.mobKills":1,"stat.flyOneCm":180149,"stat.jump":49,"stat.playOneMinute":143997,"stat.pickup.minecraft.red_flower":3,"stat.sneakTime":964,"stat.damageDealt":520,"stat.crouchOneCm":365,"stat.killEntity.Zombie":1,"stat.timeSinceDeath":143997,"stat.pickup.minecraft.sapling":42,"stat.sprintOneCm":163,"stat.useItem.minecraft.stone_slab2":20,"stat.pickup.minecraft.apple":5,"stat.useItem.agricraft.crop_sticks":5,"stat.useItem.minecraft.water_bucket":1}