{
    "parent": "block/utility/item_frame",
    "display": {
		"gui": {
			"rotation": [ 180, 0, 90 ],
			"translation": [ 0, 0, 0],
			"scale":[ 1, 1, 1 ]
		},
		"ground": {
			"rotation": [ 0, 0, 0 ],
			"translation": [ 0, 2.5, 0],
			"scale":[ 0.4, 0.4, 0.4 ]
		},
		"fixed": {
			"rotation": [ 0, 0, 0 ],
			"translation": [ 0, 0, 0],
			"scale":[ 0.5, 0.5, 0.5 ]
		},
		"thirdperson_righthand": {
			"rotation": [ 180, 180, 180 ],
			"translation": [ 0, 3, -1.2 ],
			"scale": [ 0.37, 0.37, 0.37 ]
		},
		"firstperson_righthand": {
			"rotation": [ 0, 0, 0 ],
            "translation": [ 0, 1, -3 ],
            "scale": [ 0.55, 0.55, 0.55 ]
		},
		"firstperson_lefthand": {
			"rotation": [ 0, 225, 0 ],
			"translation": [ 0, 0, 0 ],
			"scale": [ 0.40, 0.40, 0.40 ]
		}
    }
}
