{"stat.pickup.mekanismtools.LapisLazuliChestplate":1,"stat.killEntity.EntityHorse":1,"stat.leaveGame":9,"stat.useItem.minecraft.planks":1,"stat.pickup.draconicevolution.wyvern_sword":1,"stat.pickup.minecraft.blaze_powder":2,"stat.useItem.harvestcraft.pearitem":5,"stat.useItem.minecraft.water_bucket":6,"stat.drop.minecraft.iron_sword":1,"stat.pickup.minecraft.rotten_flesh":11,"stat.pickup.minecraft.sand":127,"stat.craftItem.minecraft.stone_axe":3,"stat.craftItem.minecraft.stone_sword":1,"achievement.buildPickaxe":3,"stat.mineBlock.minecraft.sand":129,"achievement.buildBetterPickaxe":3,"salamander.kill":1,"stat.pickup.thermalfoundation.material":1,"stat.furnaceInteraction":59,"stat.useItem.minecraft.cooked_mutton":1,"achievement.mineWood":166,"stat.pickup.minecraft.leather_helmet":1,"stat.pickup.biomesoplenty.flower_0":2,"stat.pickup.minecraft.skull":1,"stat.useItem.minecraft.stone_stairs":43,"achievement.openInventory":98,"afrit.kill":1,"stat.pickup.minecraft.pumpkin_seeds":1,"stat.useItem.natura.edibles":1,"stat.deaths":11,"stat.playOneMinute":189646,"stat.pickup.forestry.beeDroneGE":1,"stat.pickup.natura.overworld_seeds":1,"stat.mineBlock.minecraft.tallgrass":10,"stat.craftItem.minecraft.cooked_mutton":1,"quetzodracl.kill":1,"stat.useItem.minecraft.stone":141,"stat.pickup.minecraft.arrow":2,"stat.craftItem.minecraft.coal":53,"stat.pickup.simplecorn.kernels":1,"stat.mineBlock.natura.overworld_berrybush_blueberry":2,"stat.fallOneCm":7677,"stat.drop.minecraft.stone":3,"stat.pickup.minecraft.carrot":1,"stat.crouchOneCm":9514,"stat.craftingTableInteraction":7,"stat.craftItem.moreshears.woodenShears":1,"jengu.kill":1,"stat.pickup.natura.edibles":1,"stat.pickup.minecraft.wooden_pickaxe":4,"stat.pickup.minecraft.feather":4,"stat.useItem.minecraft.furnace":2,"stat.mineBlock.biomesoplenty.plant_0":55,"stat.pickup.minecraft.planks":4,"stat.pickup.biomesoplenty.plant_0":8,"stat.pickup.minecraft.wheat_seeds":8,"stat.useItem.minecraft.stone_pickaxe":272,"stat.breakItem.minecraft.stone_axe":1,"stat.useItem.minecraft.stone_sword":57,"stat.useItem.quark.colored_bed_item":1,"stat.useItem.biomesoplenty.berries":6,"stat.mineBlock.minecraft.dirt":70,"stat.pickup.minecraft.chainmail_boots":1,"stat.useItem.minecraft.torch":5,"stat.drop.minecraft.rotten_flesh":5,"stat.craftItem.minecraft.stone_stairs":80,"stat.pickup.minecraft.crafting_table":2,"stat.useItem.minecraft.cobblestone":25,"stat.craftItem.minecraft.crafting_table":1,"stat.pickup.minecraft.log":192,"salamander.learn":1,"stat.pickup.mekanismtools.OsmiumSword":1,"stat.pickup.minecraft.sapling":64,"stat.pickup.minecraft.wooden_door":2,"stat.pickup.minecraft.apple":6,"stat.breakItem.minecraft.stone_shovel":1,"stat.craftItem.minecraft.planks":164,"stat.useItem.minecraft.iron_sword":52,"stat.pickup.graves.grave":1,"stat.useItem.bigreactors.reactorrednetport":1,"stat.pickup.biomesoplenty.berries":6,"ftbl.stat.first_joined":{"value":0,"progress":1517151921327},"stat.mineBlock.minecraft.log":164,"stat.craftItem.minecraft.wooden_door":3,"stat.pickup.environmentaltech.alabaster":12,"stat.useItem.minecraft.wooden_door":4,"stat.pickup.harvestcraft.pearitem":7,"stat.sneakTime":5066,"stat.pickup.thaumcraft.amber":4,"stat.pickup.minecraft.wool":13,"ent.kill":2,"stat.drop.minecraft.grass":1,"stat.pickup.minecraft.bone":5,"stat.mineBlock.minecraft.cobblestone":5,"stat.pickup.minecraft.stone_pickaxe":1,"stat.craftItem.quark.colored_bed_item":1,"stat.useItem.minecraft.diamond_sword":6,"stat.swimOneCm":15599,"stat.mineBlock.thaumcraft.ore_amber":2,"achievement.buildWorkBench":1,"strider.kill":1,"stat.pickup.lootbags.itemlootbag":14,"stat.useItem.minecraft.dirt":90,"achievement.exploreAllBiomes":{"value":0,"progress":["Grassland","Birch Forest Hills","Maple Woods","ForestHills","Shield","Magical Forest","Cherry Blossom Grove","Birch Forest","Seasonal Forest","Plains","Rainforest","Bayou","Beach","Gravel Beach","FrozenOcean","Extreme Hills+","River","Forest","Ocean","Extreme Hills","Wetland","Deep Ocean","Coral Reef"]},"stat.craftItem.minecraft.furnace":2,"stat.craftItem.minecraft.stone_pickaxe":3,"stat.pickup.minecraft.cobblestone":253,"stat.useItem.minecraft.stone_shovel":151,"stat.flyOneCm":1363785,"stat.timeSinceDeath":9506,"stat.pickup.minecraft.mutton":1,"stat.drop.minecraft.coal":1,"stat.drop.minecraft.blaze_powder":2,"stat.mineBlock.natura.overworld_logs":6,"stat.mineBlock.minecraft.coal_ore":3,"stat.killEntity.Creeper":2,"stat.pickup.chisel.limestoneextra":3,"stat.useItem.bigreactors.reactorpowertaprf":2,"grue.kill":4,"stat.entityKilledBy.Skeleton":3,"stat.pickup.natura.overworld_berrybush_blueberry":2,"achievement.buildSword":1,"stat.craftItem.tconstruct.tooltables":1,"stat.sprintOneCm":14768,"stat.mineBlock.biomesoplenty.flower_0":2,"stat.craftItem.minecraft.stick":32,"stat.craftItem.minecraft.stone":88,"stat.mineBlock.minecraft.crafting_table":2,"stat.pickup.natura.overworld_sapling":3,"stat.pickup.natura.overworld_logs":6,"stat.entityKilledBy.Creeper":1,"achievement.killEnemy":40,"achievement.buildFurnace":2,"stat.mineBlock.minecraft.planks":1,"stat.drop":35,"stat.useItem.minecraft.wooden_sword":105,"stat.killEntity.Sheep":1,"stat.killEntity.Zombie":21,"stat.killEntity.Guardian":1,"stat.diveOneCm":12260,"stat.drop.minecraft.wooden_pickaxe":9,"stat.useItem.extrautils2.compressedcobblestone":2,"stat.useItem.minecraft.apple":5,"stat.drop.lootbags.itemlootbag":8,"stat.jump":810,"stat.pickup.minecraft.coal":4,"stat.useItem.tconstruct.tooltables":1,"stat.useItem.minecraft.stone_axe":227,"stat.drop.minecraft.diamond_sword":1,"stat.drop.minecraft.wooden_sword":1,"stat.pickup.minecraft.gunpowder":2,"calpod.learn":1,"stat.craftItem.minecraft.torch":32,"stat.pickup.minecraft.dirt":84,"stat.useItem.minecraft.glass":94,"stat.drop.minecraft.magma_cream":2,"roc.kill":1,"stat.useItem.minecraft.sapling":7,"stat.pickup.minecraft.cookie":6,"stat.damageTaken":3792,"stat.useItem.minecraft.wooden_pickaxe":23,"stat.mineBlock.chisel.limestoneextra":3,"stat.useItem.natura.overworld_berrybush_blueberry":2,"stat.drop.minecraft.water_bucket":1,"stat.pickup.minecraft.magma_cream":2,"stat.mineBlock.minecraft.sapling":4,"stat.pickup.forestry.beeCombs":1,"stat.entityKilledBy.Zombie":1,"stat.damageDealt":18322,"stat.craftItem.minecraft.glass":99,"stat.sleepInBed":4,"stat.useItem.minecraft.crafting_table":2,"stat.craftItem.minecraft.stone_shovel":4,"stat.walkOneCm":502410,"stat.useItem.quark.custom_chest":2,"stat.pickup.minecraft.stick":23,"stat.craftItem.quark.custom_chest":2,"stat.pickup.biomesoplenty.sapling_1":4,"stat.breakItem.minecraft.stone_pickaxe":2,"ftbl.stat.last_seen":{"value":0,"progress":1517287230743},"stat.pickup.mysticalagriculture.inferium_essence":7,"stat.pickup.minecraft.stone":5,"stat.mineBlock.thermalfoundation.ore_fluid":1,"stat.killEntity.Skeleton":5,"stat.mineBlock.environmentaltech.alabaster":12,"strider.learn":1,"achievement.obtain_flowers":2,"stat.mobKills":74,"stat.mineBlock.minecraft.leaves":48,"stat.pickup.minecraft.torch":2,"calpod.kill":2,"stat.mineBlock.minecraft.stone":252}