{"stat.pickup.mekanismtools.LapisLazuliChestplate":1,"stat.killEntity.EntityHorse":4,"stat.pickup.simplecorn.corncob":76,"stat.leaveGame":20,"stat.pickup.agricraft.crop_sticks":21,"stat.mineBlock.actuallyadditions.blockWild":1,"stat.pickup.extrautils2.redorchid":1,"stat.pickup.quark.limestone":1,"stat.useItem.minecraft.planks":1,"stat.pickup.draconicevolution.wyvern_sword":1,"stat.pickup.minecraft.blaze_powder":2,"stat.pickup.minecraft.glass":29,"stat.useItem.harvestcraft.pearitem":12,"stat.pickup.actuallyadditions.blockBlackLotus":1,"stat.useItem.minecraft.water_bucket":7,"stat.drop.minecraft.iron_sword":1,"stat.pickup.minecraft.rotten_flesh":13,"stat.pickup.minecraft.sand":1076,"stat.mineBlock.environmentaltech.basalt":70,"stat.craftItem.minecraft.stone_axe":6,"stat.craftItem.tconstruct.casting":2,"stat.pickup.roots.oldRoot":4,"stat.craftItem.minecraft.stone_sword":1,"achievement.buildPickaxe":16,"stat.mineBlock.minecraft.sand":1028,"stat.pickup.actuallyadditions.itemFlaxSeed":2,"achievement.buildBetterPickaxe":16,"salamander.kill":1,"stat.pickup.thermalfoundation.material":1,"stat.furnaceInteraction":177,"stat.useItem.minecraft.cooked_mutton":1,"stat.pickup.minecraft.furnace":2,"achievement.mineWood":430,"stat.pickup.minecraft.leather_helmet":1,"stat.pickup.biomesoplenty.flower_0":10,"stat.pickup.minecraft.skull":2,"stat.useItem.minecraft.stone_stairs":61,"stat.pickup.mysticalagriculture.tier1_inferium_seeds":24,"stat.drop.agricraft.agri_seed":17,"achievement.openInventory":235,"stat.pickup.minecraft.stone_stairs":2,"afrit.kill":1,"stat.pickup.tconstruct.smeltery_io":1,"stat.pickup.minecraft.pumpkin_seeds":1,"stat.useItem.natura.edibles":2,"stat.deaths":15,"stat.useItem.tconstruct.smeltery_io":3,"stat.playOneMinute":484815,"stat.pickup.forestry.beeDroneGE":1,"stat.pickup.natura.overworld_seeds":11,"stat.useItem.simplecorn.kernels":48,"stat.mineBlock.minecraft.tallgrass":78,"stat.craftItem.minecraft.cooked_mutton":1,"quetzodracl.kill":1,"stat.pickup.tconstruct.seared":17,"stat.chestOpened":69,"stat.drop.draconicevolution.draconic_sword":1,"stat.useItem.minecraft.stone":923,"stat.pickup.minecraft.arrow":5,"stat.pickup.mysticalagriculture.mystical_fertilizer":64,"stat.craftItem.minecraft.coal":284,"stat.pickup.simplecorn.kernels":69,"stat.mineBlock.natura.overworld_berrybush_blueberry":4,"stat.fallOneCm":32119,"stat.drop.minecraft.stone":3,"stat.pickup.minecraft.carrot":1,"stat.crouchOneCm":60024,"ent.learn":1,"stat.craftItem.minecraft.chest":4,"stat.craftingTableInteraction":7,"stat.pickup.mysticalagriculture.prosperity_shard":2,"stat.craftItem.moreshears.woodenShears":1,"jengu.kill":1,"stat.pickup.natura.edibles":3,"stat.craftItem.tconstruct.pattern":40,"stat.pickup.minecraft.wooden_pickaxe":4,"stat.mineBlock.quark.limestone":1,"stat.pickup.minecraft.feather":4,"stat.useItem.minecraft.furnace":4,"stat.mineBlock.tconstruct.smeltery_io":1,"stat.pickup.agricraft.water_tank":5,"stat.craftItem.tconstruct.materials":128,"stat.mineBlock.biomesoplenty.plant_0":225,"stat.pickup.minecraft.planks":4,"stat.pickup.biomesoplenty.plant_0":8,"stat.pickup.minecraft.wheat_seeds":22,"stat.mineBlock.minecraft.gravel":234,"stat.useItem.minecraft.stone_pickaxe":1455,"stat.breakItem.minecraft.stone_axe":4,"stat.craftItem.tconstruct.seared_tank":1,"stat.mineBlock.minecraft.glass":9,"stat.useItem.minecraft.stone_sword":139,"stat.useItem.quark.colored_bed_item":2,"stat.useItem.biomesoplenty.berries":25,"stat.mineBlock.actuallyadditions.blockMisc":9,"stat.mineBlock.minecraft.dirt":499,"stat.pickup.minecraft.chainmail_boots":1,"stat.useItem.agricraft.rake":68,"stat.useItem.minecraft.torch":64,"stat.drop.minecraft.rotten_flesh":5,"stat.craftItem.minecraft.stone_stairs":120,"stat.pickup.minecraft.crafting_table":2,"stat.useItem.minecraft.log":9,"stat.useItem.minecraft.cobblestone":117,"stat.craftItem.minecraft.crafting_table":3,"stat.useItem.minecraft.gravel":1,"stat.mineBlock.minecraft.double_plant":2,"stat.craftItem.ceramics.clay_bucket":4,"stat.pickup.minecraft.iron_hoe":3,"stat.pickup.minecraft.log":501,"salamander.learn":1,"stat.pickup.mekanismtools.OsmiumSword":1,"stat.pickup.minecraft.sapling":176,"stat.pickup.minecraft.wooden_door":2,"stat.mineBlock.environmentaltech.hardened_stone":18,"stat.pickup.minecraft.apple":21,"stat.useItem.agricraft.water_channel_normal":10,"stat.breakItem.minecraft.stone_shovel":13,"stat.craftItem.tconstruct.smeltery_controller":1,"stat.craftItem.minecraft.planks":360,"stat.useItem.minecraft.iron_sword":52,"stat.pickup.graves.grave":1,"stat.useItem.bigreactors.reactorrednetport":1,"stat.pickup.biomesoplenty.berries":25,"ftbl.stat.first_joined":{"value":0,"progress":1517151921327},"stat.mineBlock.minecraft.log":446,"stat.craftItem.minecraft.wooden_door":3,"stat.pickup.environmentaltech.alabaster":16,"stat.useItem.minecraft.stone_hoe":50,"stat.useItem.minecraft.wooden_door":4,"stat.pickup.harvestcraft.pearitem":12,"stat.pickup.minecraft.red_flower":1,"stat.sneakTime":20234,"stat.pickup.thaumcraft.amber":5,"stat.pickup.minecraft.wool":14,"ent.kill":5,"stat.useItem.actuallyadditions.itemWorm":2,"stat.drop.minecraft.grass":1,"stat.pickup.minecraft.bone":9,"stat.craftItem.ceramics.unfired_clay":4,"stat.horseOneCm":5144,"stat.mineBlock.minecraft.cobblestone":9,"stat.pickup.minecraft.stone_pickaxe":1,"stat.useItem.agricraft.water_tank":4,"stat.craftItem.quark.colored_bed_item":1,"stat.pickup.minecraft.flint":25,"stat.craftItem.tconstruct.faucet":2,"stat.useItem.minecraft.diamond_sword":6,"stat.mineBlock.appliedenergistics2.quartz_ore":4,"stat.swimOneCm":23960,"stat.pickup.quark.glass_shards":21,"stat.climbOneCm":15884,"stat.mineBlock.thaumcraft.ore_amber":3,"achievement.buildWorkBench":3,"strider.kill":1,"grue.learn":1,"stat.useItem.minecraft.dirt":139,"achievement.exploreAllBiomes":{"value":0,"progress":["Grassland","Birch Forest Hills","Maple Woods","ForestHills","Shield","Magical Forest","Cherry Blossom Grove","Birch Forest","Seasonal Forest","Plains","Rainforest","Bayou","Beach","Gravel Beach","FrozenOcean","Extreme Hills+","River","Forest","Ocean","Extreme Hills","Wetland","Deep Ocean","Coral Reef"]},"stat.useItem.agricraft.crop_sticks":49,"stat.craftItem.minecraft.furnace":2,"stat.pickup.chisel.marbleextra":4,"stat.pickup.quark.colored_bed_item":1,"stat.craftItem.minecraft.stone_pickaxe":12,"stat.pickup.actuallyadditions.blockMisc":9,"stat.pickup.minecraft.cobblestone":750,"stat.mineBlock.minecraft.clay":54,"stat.useItem.minecraft.stone_shovel":1734,"stat.flyOneCm":1626485,"stat.pickup.agricraft.water_channel_normal":6,"stat.pickup.appliedenergistics2.material":6,"stat.mineBlock.quark.custom_chest":1,"stat.pickup.environmentaltech.basalt":64,"stat.craftItem.simplecorn.kernels":4,"stat.mineBlock.quark.colored_bed_gray":1,"stat.timeSinceDeath":172356,"stat.useItem.agricraft.seed_analyzer":1,"stat.pickup.minecraft.mutton":3,"stat.drop.minecraft.coal":1,"stat.useItem.enderio.blockFarmStation":1,"stat.drop.minecraft.blaze_powder":2,"stat.useItem.simplecorn.roastedcorn":5,"stat.craftItem.tconstruct.seared":20,"stat.mineBlock.natura.overworld_logs":6,"stat.mineBlock.minecraft.coal_ore":17,"stat.killEntity.Creeper":2,"stat.pickup.chisel.limestoneextra":12,"stat.craftItem.tconstruct.soil":128,"stat.pickup.minecraft.string":3,"stat.useItem.bigreactors.reactorpowertaprf":2,"grue.kill":8,"stat.mineBlock.chisel.marbleextra":4,"stat.entityKilledBy.Skeleton":4,"stat.pickup.natura.overworld_berrybush_blueberry":4,"stat.pickup.minecraft.nether_star":63,"achievement.buildSword":1,"stat.craftItem.tconstruct.tooltables":7,"stat.sprintOneCm":71833,"stat.mineBlock.biomesoplenty.flower_0":9,"stat.craftItem.minecraft.stick":112,"stat.craftItem.agricraft.crop_sticks":20,"stat.pickup.agricraft.agri_seed":62,"stat.craftItem.minecraft.stone":468,"stat.useItem.tconstruct.casting":2,"stat.mineBlock.minecraft.crafting_table":2,"stat.pickup.natura.overworld_sapling":3,"stat.pickup.natura.overworld_logs":6,"stat.entityKilledBy.Creeper":1,"achievement.killEnemy":52,"stat.useItem.tconstruct.seared_tank":1,"achievement.obtain_berry":19,"achievement.buildFurnace":2,"stat.mineBlock.minecraft.planks":1,"stat.drop":55,"stat.useItem.minecraft.wooden_sword":124,"stat.killEntity.Sheep":2,"stat.mineBlock.mysticalagriculture.prosperity_ore":1,"stat.useItem.minecraft.ladder":4,"stat.useItem.tconstruct.seared":37,"stat.killEntity.Zombie":23,"stat.killEntity.Guardian":1,"stat.pickup.actuallyadditions.itemSolidifiedExperience":1,"stat.craftItem.minecraft.clay":16,"stat.diveOneCm":30618,"stat.pickup.tconstruct.tooltables":4,"stat.craftItem.minecraft.ladder":9,"stat.useItem.extrautils2.machine":1,"stat.drop.minecraft.wooden_pickaxe":9,"stat.pickup.agricraft.seed_analyzer":2,"stat.pickup.minecraft.gravel":208,"stat.useItem.extrautils2.compressedcobblestone":2,"stat.useItem.minecraft.apple":21,"stat.jump":2370,"stat.pickup.minecraft.coal":37,"stat.useItem.tconstruct.tooltables":10,"stat.useItem.minecraft.stone_axe":582,"stat.drop.minecraft.diamond_sword":1,"stat.drop.minecraft.wooden_sword":1,"stat.pickup.minecraft.gunpowder":2,"calpod.learn":1,"stat.craftItem.minecraft.torch":88,"stat.pickup.minecraft.dirt":494,"stat.useItem.minecraft.glass":901,"stat.drop.minecraft.magma_cream":2,"roc.kill":1,"stat.useItem.minecraft.sapling":57,"stat.pickup.minecraft.cookie":6,"stat.mineBlock.tconstruct.tooltables":4,"stat.pickup.quark.custom_chest":1,"stat.mineBlock.minecraft.stone_stairs":2,"stat.damageTaken":5552,"stat.drop.minecraft.iron_hoe":1,"stat.mineBlock.minecraft.red_flower":1,"stat.mineBlock.minecraft.furnace":2,"stat.mineBlock.minecraft.torch":6,"stat.useItem.minecraft.wooden_pickaxe":23,"stat.mineBlock.chisel.limestoneextra":12,"stat.useItem.natura.overworld_berrybush_blueberry":2,"stat.drop.minecraft.water_bucket":2,"stat.pickup.minecraft.magma_cream":2,"stat.mineBlock.minecraft.sapling":4,"stat.pickup.forestry.beeCombs":1,"stat.useItem.environmentaltech.alabaster":2,"stat.entityKilledBy.Zombie":1,"stat.damageDealt":25853,"stat.craftItem.minecraft.glass":827,"stat.sleepInBed":23,"stat.useItem.minecraft.crafting_table":2,"stat.craftItem.minecraft.stone_shovel":14,"stat.walkOneCm":1823667,"stat.useItem.quark.custom_chest":7,"stat.pickup.agricraft.sprinkler":2,"stat.useItem.minecraft.chest":4,"stat.craftItem.tconstruct.smeltery_io":2,"stat.pickup.minecraft.stick":39,"stat.useItem.agricraft.sprinkler":2,"stat.craftItem.quark.custom_chest":6,"stat.pickup.minecraft.clay_ball":216,"stat.pickup.biomesoplenty.sapling_1":4,"stat.breakItem.minecraft.stone_pickaxe":10,"ftbl.stat.last_seen":{"value":0,"progress":1518981155504},"stat.pickup.mysticalagriculture.inferium_essence":55,"stat.useItem.tconstruct.faucet":2,"stat.pickup.actuallyadditions.itemWorm":4,"stat.pickup.minecraft.stone":437,"stat.pickup.environmentaltech.hardened_stone":14,"stat.useItem.chisel.limestoneextra":4,"stat.pickup.minecraft.ender_pearl":1,"stat.craftItem.simplecorn.roastedcorn":72,"stat.mineBlock.thermalfoundation.ore_fluid":1,"stat.killEntity.Skeleton":7,"stat.mineBlock.environmentaltech.alabaster":16,"strider.learn":1,"achievement.obtain_flowers":11,"stat.mobKills":95,"stat.mineBlock.minecraft.leaves":183,"stat.pickup.minecraft.torch":9,"stat.mineBlock.tconstruct.seared":17,"stat.pickup.thaumcraft.brain":1,"calpod.kill":2,"stat.mineBlock.minecraft.stone":1227,"stat.useItem.tconstruct.smeltery_controller":1}